Sample,SBS1,SBS2,SBS4,SBS5,SBS12,SBS13,SBS18,SBS21,SBS22a,SBS22b,SBS40a,SBS40b,SBS40c,SBS44
Kidney-RCC::MSI-H.S.1,1223.4324306007184,0.0,43.564706915280894,21.306819826879085,1185.6020706465351,30.20236287998965,1.1793236445025799,1495.4583847490517,0.0,0.0,3331.058838475249,3202.8772659726965,130.8114624694993,5170.303016734536
