Sample,SBS1,SBS2,SBS3,SBS5,SBS13,SBS15,SBS17a,SBS17b,SBS18,SBS20,SBS21,SBS26,SBS28,SBS40,SBS41,SBS44
Stomach-AdenoCA::MSI-H.S.1,16142.656625166703,0.0,8679.955684715143,124149.91636929127,1496.9399063874894,25478.477983049175,0.0,0.0,0.0,0.0,0.0,0.0,0.0,0.0,0.0,26094.3880027856
Stomach-AdenoCA::MSI-H.S.2,9497.731209914806,1151.0601321370127,0.0,19702.088954181156,0.0,39374.54173427519,0.0,2750.374981025454,0.0,0.0,14764.487781109985,0.0,0.0,0.0,0.0,24095.820264059457
Stomach-AdenoCA::MSI-H.S.3,7027.369610555086,0.0,0.0,7932.50896388463,0.0,105969.63268584396,0.0,0.0,0.0,1854.2137133706688,0.0,19099.420999707305,0.0,0.0,3620.4826264546664,0.0
Stomach-AdenoCA::MSI-H.S.4,24813.29168179605,343.5243028952036,0.0,18511.448635403583,0.0,11328.464846386069,1150.7958974548903,7177.572988621907,0.0,0.0,4396.551296923209,5640.966745576234,0.0,7079.945288394131,0.0,14781.991768907012
Stomach-AdenoCA::MSI-H.S.5,11039.604362572145,0.0,0.0,137886.3503317999,0.0,33800.811119476915,1096.6376636487234,0.0,1792.7654796486358,0.0,0.0,0.0,0.0,0.0,0.0,20553.18369739369
Stomach-AdenoCA::MSI-H.S.6,10092.79050050124,0.0,0.0,151602.11471566276,0.0,73352.55037837922,0.0,0.0,0.0,0.0,0.0,4660.00681978631,2344.261602482331,0.0,0.0,20583.76983115911
Stomach-AdenoCA::MSI-H.S.7,4113.695526861891,0.0,1673.3125209960251,7846.657893527418,0.0,0.0,2611.7463377137283,4594.647277449032,0.0,1361.1240806678102,0.0,0.0,1119.7928714215668,0.0,0.0,11228.063849699138
Stomach-AdenoCA::MSI-H.S.8,15330.200565702973,0.0,0.0,88873.93566350955,0.0,0.0,2546.285447787824,0.0,0.0,1820.439150800811,0.0,7257.988741951914,0.0,0.0,0.0,26663.361852126418
Stomach-AdenoCA::MSI-H.S.9,7914.783362334378,0.0,0.0,51179.90383364904,0.0,4715.938700624271,1953.0685074519097,2343.4055769894194,0.0,45000.33162934714,40272.88539730783,30924.119397912335,0.0,0.0,7487.0354088317345,25471.14422049566
