Sample,SBS1,SBS4,SBS5,SBS6,SBS9,SBS12,SBS14,SBS16,SBS17a,SBS17b,SBS18,SBS19,SBS22a,SBS24,SBS26,SBS29,SBS30,SBS31,SBS35,SBS40
Liver-HCC::MSI-H.S.36,55.83451062358013,0.0,4666.993935375721,0.0,0.0,0.0,822.5387538677379,114.96814379388731,0.0,0.0,0.0,53.49567705354229,0.0,0.0,337.9133649694565,60.530031456582115,0.0,0.0,105.04362419326903,0.0
Liver-HCC::MSI-H.S.51,0.0,0.0,7725.2970612786,0.0,0.0,1066.8131204648814,1274.5894442932397,0.0,0.0,0.0,0.0,0.0,0.0,285.18474109205914,0.0,807.183546602646,223.46241045295463,0.0,263.22572339889973,0.0
Liver-HCC::MSI-H.S.1,426.9008760745165,0.0,0.0,19500.21773338631,0.0,2300.3649714516005,3162.609578255598,1560.2102436422774,0.0,0.0,0.0,0.0,0.0,0.0,7661.454229970522,0.0,0.0,0.0,615.3333497070599,3643.436691314986
