Sample,SBS1,SBS2,SBS3,SBS5,SBS8,SBS13,SBS18,SBS26,SBS35,SBS39,SBS40,SBS41
Ovary-AdenoCA::MSI-H.S.1,1038.010975506856,178.3630147745881,1864.414396065948,0.0,0.0,0.0,280.37767995931114,17751.34415455965,0.0,49.25117704558728,0.0,4895.718373927444
