Sample,SBS1,SBS2,SBS5,SBS7a,SBS7b,SBS7c,SBS7d,SBS13,SBS17a,SBS17b,SBS38,SBS40
Skin-Melanoma::MSI-H.S.1,21469.98667337752,0.0,15235.99983622889,365086.94297053985,197347.22263072958,4366.66404981136,0.0,267.74678922201645,1150.9721988895033,362.00565762851676,135.93320090506845,0.0
